{
    "NUM_HighPtID_DEN_TrackerMuons": {
        "blah": {
            "abseta:[0.00,0.90]": {
                "pair_newTuneP_probe_pt:[20.00,25.00]": {
                    "stat": 0.0009548339162957359, 
                    "syst": 0.003162399267958033, 
                    "value": 0.992114065208379
                }, 
                "pair_newTuneP_probe_pt:[25.00,30.00]": {
                    "stat": 0.0005721135461542568, 
                    "syst": 0.0010782479163609626, 
                    "value": 0.9924247027728448
                }, 
                "pair_newTuneP_probe_pt:[30.00,40.00]": {
                    "stat": 0.00022056808100734152, 
                    "syst": 0.0007359632248935538, 
                    "value": 0.9922515732194475
                }, 
                "pair_newTuneP_probe_pt:[40.00,50.00]": {
                    "stat": 0.00029555844081348594, 
                    "syst": 0.0003533157820171002, 
                    "value": 0.9926712022753303
                }, 
                "pair_newTuneP_probe_pt:[50.00,60.00]": {
                    "stat": 0.0004812825431584111, 
                    "syst": 0.00043672529257821963, 
                    "value": 0.9928603953286465
                }, 
                "pair_newTuneP_probe_pt:[60.00,120.00]": {
                    "stat": 0.0007301722545706139, 
                    "syst": 0.002402158659265339, 
                    "value": 0.992263125763373
                }
            }, 
            "abseta:[0.90,1.20]": {
                "pair_newTuneP_probe_pt:[20.00,25.00]": {
                    "stat": 0.0015507830148471576, 
                    "syst": 0.005036496188936483, 
                    "value": 0.9880778949699621
                }, 
                "pair_newTuneP_probe_pt:[25.00,30.00]": {
                    "stat": 0.0008667578427999276, 
                    "syst": 0.001745662101625533, 
                    "value": 0.9858269794946017
                }, 
                "pair_newTuneP_probe_pt:[30.00,40.00]": {
                    "stat": 0.00040273205051734795, 
                    "syst": 0.0034511238183185886, 
                    "value": 0.9861662092005419
                }, 
                "pair_newTuneP_probe_pt:[40.00,50.00]": {
                    "stat": 0.000358620121199017, 
                    "syst": 0.00030898133813181395, 
                    "value": 0.9868886396371438
                }, 
                "pair_newTuneP_probe_pt:[50.00,60.00]": {
                    "stat": 0.0008250932378258363, 
                    "syst": 0.0009861532718310382, 
                    "value": 0.9857803031481773
                }, 
                "pair_newTuneP_probe_pt:[60.00,120.00]": {
                    "stat": 0.0013508015355310672, 
                    "syst": 0.001925392663728019, 
                    "value": 0.9851298296096568
                }
            }, 
            "abseta:[1.20,2.10]": {
                "pair_newTuneP_probe_pt:[20.00,25.00]": {
                    "stat": 0.0006058268576121627, 
                    "syst": 0.000631608941554746, 
                    "value": 0.9922334188037855
                }, 
                "pair_newTuneP_probe_pt:[25.00,30.00]": {
                    "stat": 0.00041202179870509885, 
                    "syst": 0.0024034807992315737, 
                    "value": 0.9923174786068355
                }, 
                "pair_newTuneP_probe_pt:[30.00,40.00]": {
                    "stat": 0.00017938520880153905, 
                    "syst": 0.001333626342856719, 
                    "value": 0.9922065831090526
                }, 
                "pair_newTuneP_probe_pt:[40.00,50.00]": {
                    "stat": 0.00018633029867623288, 
                    "syst": 4.41027174736005e-05, 
                    "value": 0.9915977902632379
                }, 
                "pair_newTuneP_probe_pt:[50.00,60.00]": {
                    "stat": 0.00039796265367970246, 
                    "syst": 0.0008803577974452146, 
                    "value": 0.9925127625404958
                }, 
                "pair_newTuneP_probe_pt:[60.00,120.00]": {
                    "stat": 0.0006320689063062524, 
                    "syst": 0.00036749348244443785, 
                    "value": 0.9910195523946569
                }
            }, 
            "abseta:[2.10,2.40]": {
                "pair_newTuneP_probe_pt:[20.00,25.00]": {
                    "stat": 0.002343776036433275, 
                    "syst": 0.0030120193907532643, 
                    "value": 0.9797230542389544
                }, 
                "pair_newTuneP_probe_pt:[25.00,30.00]": {
                    "stat": 0.0011083458857072618, 
                    "syst": 0.0028918407397342267, 
                    "value": 0.9781500508836776
                }, 
                "pair_newTuneP_probe_pt:[30.00,40.00]": {
                    "stat": 0.0005589872869792092, 
                    "syst": 0.0008953812470090439, 
                    "value": 0.9777848757048854
                }, 
                "pair_newTuneP_probe_pt:[40.00,50.00]": {
                    "stat": 0.000807982424363258, 
                    "syst": 0.0018536119955217358, 
                    "value": 0.9777795367016231
                }, 
                "pair_newTuneP_probe_pt:[50.00,60.00]": {
                    "stat": 0.0017636447439491989, 
                    "syst": 0.002434676080669997, 
                    "value": 0.9770080438205287
                }, 
                "pair_newTuneP_probe_pt:[60.00,120.00]": {
                    "stat": 0.0028517427863376157, 
                    "syst": 0.004570509391366933, 
                    "value": 0.9739992676455306
                }
            }
        }
    } 
}
