{
  "correction": {
    "scale": {
      "absEta:[0.00,1.00]": {
        "R9:[0.94,1.00]": {
          "runNumber:[307041,307064]": {
            "value": 1.002,
            "error": 0.00059
          },
          "runNumber:[306928,306930]": {
            "value": 1.0099,
            "error": 0.00542
          },
          "runNumber:[307081,307083]": {
            "value": 1.0016,
            "error": 0.001
          },
          "runNumber:[306935,306937]": {
            "value": 1.0055,
            "error": 0.001
          },
          "runNumber:[307072,307077]": {
            "value": 1.0018,
            "error": 0.00083
          },
          "runNumber:[307013,307018]": {
            "value": 1.0017,
            "error": 0.00074
          },
          "runNumber:[306930,306935]": {
            "value": 1.0,
            "error": 0.0
          },
          "runNumber:[306937,307013]": {
            "value": 1.0,
            "error": 0.0
          },
          "runNumber:[307018,307041]": {
            "value": 1.0,
            "error": 0.0
          },
          "runNumber:[307064,307072]": {
            "value": 1.0,
            "error": 0.0
          },
          "runNumber:[307077,307081]": {
            "value": 1.0,
            "error": 0.0
          }
        },
        "R9:[0.00,0.94]": {
          "runNumber:[307041,307064]": {
            "value": 1.0053,
            "error": 0.00059
          },
          "runNumber:[306928,306930]": {
            "value": 1.0132,
            "error": 0.00542
          },
          "runNumber:[307081,307083]": {
            "value": 1.0049,
            "error": 0.001
          },
          "runNumber:[306935,306937]": {
            "value": 1.0088,
            "error": 0.001
          },
          "runNumber:[307072,307077]": {
            "value": 1.0051,
            "error": 0.00083
          },
          "runNumber:[307013,307018]": {
            "value": 1.005,
            "error": 0.00074
          },
          "runNumber:[306930,306935]": {
            "value": 1.0,
            "error": 0.0
          },
          "runNumber:[306937,307013]": {
            "value": 1.0,
            "error": 0.0
          },
          "runNumber:[307018,307041]": {
            "value": 1.0,
            "error": 0.0
          },
          "runNumber:[307064,307072]": {
            "value": 1.0,
            "error": 0.0
          },
          "runNumber:[307077,307081]": {
            "value": 1.0,
            "error": 0.0
          }
        }
      },
      "absEta:[1.57,2.00]": {
        "R9:[0.94,1.00]": {
          "runNumber:[307041,307064]": {
            "value": 1.0195,
            "error": 0.00205
          },
          "runNumber:[306928,306930]": {
            "value": 1.0175,
            "error": 0.01018
          },
          "runNumber:[307081,307083]": {
            "value": 1.0165,
            "error": 0.00403
          },
          "runNumber:[306935,306937]": {
            "value": 1.0197,
            "error": 0.00332
          },
          "runNumber:[307072,307077]": {
            "value": 1.0162,
            "error": 0.00266
          },
          "runNumber:[307013,307018]": {
            "value": 1.015,
            "error": 0.00268
          },
          "runNumber:[306930,306935]": {
            "value": 1.0,
            "error": 0.0
          },
          "runNumber:[306937,307013]": {
            "value": 1.0,
            "error": 0.0
          },
          "runNumber:[307018,307041]": {
            "value": 1.0,
            "error": 0.0
          },
          "runNumber:[307064,307072]": {
            "value": 1.0,
            "error": 0.0
          },
          "runNumber:[307077,307081]": {
            "value": 1.0,
            "error": 0.0
          }
        },
        "R9:[0.00,0.94]": {
          "runNumber:[307041,307064]": {
            "value": 1.0292,
            "error": 0.00205
          },
          "runNumber:[306928,306930]": {
            "value": 1.0272,
            "error": 0.01018
          },
          "runNumber:[307081,307083]": {
            "value": 1.0262,
            "error": 0.00403
          },
          "runNumber:[306935,306937]": {
            "value": 1.0294,
            "error": 0.00332
          },
          "runNumber:[307072,307077]": {
            "value": 1.0259,
            "error": 0.00266
          },
          "runNumber:[307013,307018]": {
            "value": 1.0247,
            "error": 0.00268
          },
          "runNumber:[306930,306935]": {
            "value": 1.0,
            "error": 0.0
          },
          "runNumber:[306937,307013]": {
            "value": 1.0,
            "error": 0.0
          },
          "runNumber:[307018,307041]": {
            "value": 1.0,
            "error": 0.0
          },
          "runNumber:[307064,307072]": {
            "value": 1.0,
            "error": 0.0
          },
          "runNumber:[307077,307081]": {
            "value": 1.0,
            "error": 0.0
          }
        }
      },
      "absEta:[2.00,2.50]": {
        "R9:[0.00,0.94]": {
          "runNumber:[307081,307083]": {
            "value": 1.0367,
            "error": 0.0044
          },
          "runNumber:[306928,306930]": {
            "value": 1.0196,
            "error": 0.01017
          },
          "runNumber:[306935,306937]": {
            "value": 1.0351,
            "error": 0.00371
          },
          "runNumber:[307072,307077]": {
            "value": 1.0362,
            "error": 0.00349
          },
          "runNumber:[307013,307018]": {
            "value": 1.036,
            "error": 0.003
          },
          "runNumber:[307041,307064]": {
            "value": 1.0438,
            "error": 0.00226
          },
          "runNumber:[306930,306935]": {
            "value": 1.0,
            "error": 0.0
          },
          "runNumber:[306937,307013]": {
            "value": 1.0,
            "error": 0.0
          },
          "runNumber:[307018,307041]": {
            "value": 1.0,
            "error": 0.0
          },
          "runNumber:[307064,307072]": {
            "value": 1.0,
            "error": 0.0
          },
          "runNumber:[307077,307081]": {
            "value": 1.0,
            "error": 0.0
          }
        },
        "R9:[0.94,1.00]": {
          "runNumber:[307081,307083]": {
            "value": 1.0224,
            "error": 0.0044
          },
          "runNumber:[306928,306930]": {
            "value": 1.0056,
            "error": 0.01017
          },
          "runNumber:[306935,306937]": {
            "value": 1.0208,
            "error": 0.00371
          },
          "runNumber:[307072,307077]": {
            "value": 1.0219,
            "error": 0.00349
          },
          "runNumber:[307013,307018]": {
            "value": 1.0217,
            "error": 0.003
          },
          "runNumber:[307041,307064]": {
            "value": 1.0294,
            "error": 0.00226
          },
          "runNumber:[306930,306935]": {
            "value": 1.0,
            "error": 0.0
          },
          "runNumber:[306937,307013]": {
            "value": 1.0,
            "error": 0.0
          },
          "runNumber:[307018,307041]": {
            "value": 1.0,
            "error": 0.0
          },
          "runNumber:[307064,307072]": {
            "value": 1.0,
            "error": 0.0
          },
          "runNumber:[307077,307081]": {
            "value": 1.0,
            "error": 0.0
          }
        }
      },
      "absEta:[1.00,1.57]": {
        "R9:[0.00,0.94]": {
          "runNumber:[307041,307064]": {
            "value": 1.0024,
            "error": 0.00194
          },
          "runNumber:[306928,306930]": {
            "value": 1.0035,
            "error": 0.02043
          },
          "runNumber:[307081,307083]": {
            "value": 1.0056,
            "error": 0.00407
          },