{
  "correction": {
    "smearrho": {
      "absEta:[0.00,1.00]": {
        "R9:[0.94,1.00]": {
          "value": 0.0155,
          "error": 0.003339
        },
        "R9:[0.00,0.94]": {
          "value": 0.0163,
          "error": 0.001009
        }
      },
      "absEta:[1.00,1.57]": {
        "R9:[0.94,1.00]": {
          "value": 0.0196,
          "error": 0.005245
        },
        "R9:[0.00,0.94]": {
          "value": 0.024266,
          "error": 0.000458
        }
      },
      "absEta:[1.57,2.00]": {
        "R9:[0.94,1.00]": {
          "value": 0.028676,
          "error": 0.001985
        },
        "R9:[0.00,0.94]": {
          "value": 0.030133,
          "error": 0.002296
        }
      },
      "absEta:[2.00,2.50]": {
        "R9:[0.94,1.00]": {
          "value": 0.03625,
          "error": 4.1e-05
        },
        "R9:[0.00,0.94]": {
          "value": 0.03461,
          "error": 0.001928
        }
      }
    }
  }
}
